Workbook

Sheet Portada
B2: Dashboard RRHH — Rendimiento de Depósito
B3: Distribuidora de Bebidas | Datos de ejemplo — Junio 2026
B6: Hoja | C6: Contenido
B7: Empleados | C7: Ficha maestra de los 5 operarios de depósito (puesto, turno, antigüedad).
B8: Productividad_Diaria | C8: Registro diario de bultos preparados, pedidos, horas y errores de picking.
B9: Asistencia_Diaria | C9: Registro diario de presentismo, tardanzas y horas extra.
B10: Seguridad | C10: Incidentes de seguridad y auditorías de uso de EPP.
B11: Capacitaciones | C11: Estado de cursos obligatorios por empleado.
B12: Resumen_KPIs | C12: Tablero consolidado con fórmulas (SUMIFS/COUNTIFS/AVERAGEIFS) por empleado, listo para graficar.

Sheet Resumen_KPIs
A1: ID_Empleado | B1: Nombre | C1: Puesto | D1: Turno | E1: Días_Trabajados | F1: Total_Bultos_Preparados | G1: Total_Pedidos_Preparados | H1: Productividad_Prom (bultos/h) | I1: Total_Errores_Picking | J1: % Error_Picking | K1: Total_Unidades_Merma | L1: Días_Ausente | M1: % Ausentismo | N1: Días_Tardanza | O1: Minutos_Tardanza_Totales | P1: Horas_Extra_Totales | Q1: Incidentes_Seguridad | R1: % Cumplimiento_EPP | S1: Cursos_Completados | T1: % Capacitación_Completa | U1: Score_Rendimiento (0-100)
A2: =Empleados!A2 -> EMP-001 | B2: =Empleados!B2 -> Martín Gómez | C2: =Empleados!C2 -> Operario de Picking | D2: =Empleados!D2 -> Mañana (06-14h) | E2: =COUNTIF(Productividad_Diaria!$B$2:$B$122,A2) -> 25 | F2: =SUMIF(Productividad_Diaria!$B$2:$B$122,A2,Productividad_Diaria!$F$2:$F$122) -> 20769 | G2: =SUMIF(Productividad_Diaria!$B$2:$B$122,A2,Productividad_Diaria!$G$2:$G$122) -> 1987 | H2: =IFERROR(AVERAGEIF(Productividad_Diaria!$B$2:$B$122,A2,Productividad_Diaria!$J$2:$J$122),0) -> 104.67333 | I2: =SUMIF(Productividad_Diaria!$B$2:$B$122,A2,Productividad_Diaria!$H$2:$H$122) -> 24 | J2: =IFERROR(I2/G2,0) -> 0.01207851 | K2: =SUMIF(Productividad_Diaria!$B$2:$B$122,A2,Productividad_Diaria!$I$2:$I$122) -> 28 | L2: =COUNTIFS(Asistencia_Diaria!$B$2:$B$126,A2,Asistencia_Diaria!$D$2:$D$126,"Ausente") -> 0 | M2: =L2/25 -> 0 | N2: =COUNTIFS(Asistencia_Diaria!$B$2:$B$126,A2,Asistencia_Diaria!$D$2:$D$126,"Tardanza") -> 2 | O2: =SUMIF(Asistencia_Diaria!$B$2:$B$126,A2,Asistencia_Diaria!$F$2:$F$126) -> 75 | P2: =SUMIF(Asistencia_Diaria!$B$2:$B$126,A2,Asistencia_Diaria!$G$2:$G$126) -> 19.5 | Q2: =COUNTIFS(Seguridad!$B$2:$B$21,A2,Seguridad!$D$2:$D$21,"Sí") -> 0 | R2: =IFERROR(COUNTIFS(Seguridad!$B$2:$B$21,A2,Seguridad!$G$2:$G$21,"Sí")/COUNTIF(Seguridad!$B$2:$B$21,A2),1) -> 1 | S2: =COUNTIFS(Capacitaciones!$A$2:$A$26,A2,Capacitaciones!$D$2:$D$26,"Completado") -> 5 | T2: =S2/COUNTIF(Capacitaciones!$A$2:$A$26,A2) -> 1 | U2: =MIN(ROUND(MIN(H2/100,1.15)*40 + (1-MIN(J2*5,1))*25 + (1-M2)*20 + R2*15,0),100) -> 100
A3: =Empleados!A3 -> EMP-002 | B3: =Empleados!B3 -> Lucía Fernández | C3: =Empleados!C3 -> Operaria de Picking | D3: =Empleados!D3 -> Mañana (06-14h) | E3: =COUNTIF(Productividad_Diaria!$B$2:$B$122,A3) -> 25 | F3: =SUMIF(Productividad_Diaria!$B$2:$B$122,A3,Productividad_Diaria!$F$2:$F$122) -> 16897 | G3: =SUMIF(Productividad_Diaria!$B$2:$B$122,A3,Productividad_Diaria!$G$2:$G$122) -> 1567 | H3: =IFERROR(AVERAGEIF(Productividad_Diaria!$B$2:$B$122,A3,Productividad_Diaria!$J$2:$J$122),0) -> 84.485 | I3: =SUMIF(Productividad_Diaria!$B$2:$B$122,A3,Productividad_Diaria!$H$2:$H$122) -> 36 | J3: =IFERROR(I3/G3,0) -> 0.022973835 | K3: =SUMIF(Productividad_Diaria!$B$2:$B$122,A3,Productividad_Diaria!$I$2:$I$122) -> 34 | L3: =COUNTIFS(Asistencia_Diaria!$B$2:$B$126,A3,Asistencia_Diaria!$D$2:$D$126,"Ausente") -> 0 | M3: =L3/25 -> 0 | N3: =COUNTIFS(Asistencia_Diaria!$B$2:$B$126,A3,Asistencia_Diaria!$D$2:$D$126,"Tardanza") -> 0 | O3: =SUMIF(Asistencia_Diaria!$B$2:$B$126,A3,Asistencia_Diaria!$F$2:$F$126) -> 0 | P3: =SUMIF(Asistencia_Diaria!$B$2:$B$126,A3,Asistencia_Diaria!$G$2:$G$126) -> 13 | Q3: =COUNTIFS(Seguridad!$B$2:$B$21,A3,Seguridad!$D$2:$D$21,"Sí") -> 0 | R3: =IFERROR(COUNTIFS(Seguridad!$B$2:$B$21,A3,Seguridad!$G$2:$G$21,"Sí")/COUNTIF(Seguridad!$B$2:$B$21,A3),1) -> 1 | S3: =COUNTIFS(Capacitaciones!$A$2:$A$26,A3,Capacitaciones!$D$2:$D$26,"Completado") -> 3 | T3: =S3/COUNTIF(Capacitaciones!$A$2:$A$26,A3) -> 0.6 | U3: =MIN(ROUND(MIN(H3/100,1.15)*40 + (1-MIN(J3*5,1))*25 + (1-M3)*20 + R3*15,0),100) -> 91
A4: =Empleados!A4 -> EMP-003 | B4: =Empleados!B4 -> Diego Ramírez | C4: =Empleados!C4 -> Estibador / Carga | D4: =Empleados!D4 -> Tarde (14-22h) | E4: =COUNTIF(Productividad_Diaria!$B$2:$B$122,A4) -> 25 | F4: =SUMIF(Productividad_Diaria!$B$2:$B$122,A4,Productividad_Diaria!$F$2:$F$122) -> 21031 | G4: =SUMIF(Productividad_Diaria!$B$2:$B$122,A4,Productividad_Diaria!$G$2:$G$122) -> 1925 | H4: =IFERROR(AVERAGEIF(Productividad_Diaria!$B$2:$B$122,A4,Productividad_Diaria!$J$2:$J$122),0) -> 105.155 | I4: =SUMIF(Productividad_Diaria!$B$2:$B$122,A4,Productividad_Diaria!$H$2:$H$122) -> 22 | J4: =IFERROR(I4/G4,0) -> 0.011428571 | K4: =SUMIF(Productividad_Diaria!$B$2:$B$122,A4,Productividad_Diaria!$I$2:$I$122) -> 20 | L4: =COUNTIFS(Asistencia_Diaria!$B$2:$B$126,A4,Asistencia_Diaria!$D$2:$D$126,"Ausente") -> 0 | M4: =L4/25 -> 0 | N4: =COUNTIFS(Asistencia_Diaria!$B$2:$B$126,A4,Asistencia_Diaria!$D$2:$D$126,"Tardanza") -> 0 | O4: =SUMIF(Asistencia_Diaria!$B$2:$B$126,A4,Asistencia_Diaria!$F$2:$F$126) -> 0 | P4: =SUMIF(Asistencia_Diaria!$B$2:$B$126,A4,Asistencia_Diaria!$G$2:$G$126) -> 15.5 | Q4: =COUNTIFS(Seguridad!$B$2:$B$21,A4,Seguridad!$D$2:$D$21,"Sí") -> 0 | R4: =IFERROR(COUNTIFS(Seguridad!$B$2:$B$21,A4,Seguridad!$G$2:$G$21,"Sí")/COUNTIF(Seguridad!$B$2:$B$21,A4),1) -> 1 | S4: =COUNTIFS(Capacitaciones!$A$2:$A$26,A4,Capacitaciones!$D$2:$D$26,"Completado") -> 5 | T4: =S4/COUNTIF(Capacitaciones!$A$2:$A$26,A4) -> 1 | U4: =MIN(ROUND(MIN(H4/100,1.15)*40 + (1-MIN(J4*5,1))*25 + (1-M4)*20 + R4*15,0),100) -> 100
A5: =Empleados!A5 -> EMP-004 | B5: =Empleados!B5 -> Sofía Álvarez | C5: =Empleados!C5 -> Operaria de Picking | D5: =Empleados!D5 -> Tarde (14-22h) | E5: =COUNTIF(Productividad_Diaria!$B$2:$B$122,A5) -> 21 | F5: =SUMIF(Productividad_Diaria!$B$2:$B$122,A5,Productividad_Diaria!$F$2:$F$122) -> 11143 | G5: =SUMIF(Productividad_Diaria!$B$2:$B$122,A5,Productividad_Diaria!$G$2:$G$122) -> 1031 | H5: =IFERROR(AVERAGEIF(Productividad_Diaria!$B$2:$B$122,A5,Productividad_Diaria!$J$2:$J$122),0) -> 66.85246 | I5: =SUMIF(Productividad_Diaria!$B$2:$B$122,A5,Productividad_Diaria!$H$2:$H$122) -> 43 | J5: =IFERROR(I5/G5,0) -> 0.041707081 | K5: =SUMIF(Productividad_Diaria!$B$2:$B$122,A5,Productividad_Diaria!$I$2:$I$122) -> 33 | L5: =COUNTIFS(Asistencia_Diaria!$B$2:$B$126,A5,Asistencia_Diaria!$D$2:$D$126,"Ausente") -> 4 | M5: =L5/25 -> 0.16 | N5: =COUNTIFS(Asistencia_Diaria!$B$2:$B$126,A5,Asistencia_Diaria!$D$2:$D$126,"Tardanza") -> 2 | O5: =SUMIF(Asistencia_Diaria!$B$2:$B$126,A5,Asistencia_Diaria!$F$2:$F$126) -> 50 | P5: =SUMIF(Asistencia_Diaria!$B$2:$B$126,A5,Asistencia_Diaria!$G$2:$G$126) -> 11 | Q5: =COUNTIFS(Seguridad!$B$2:$B$21,A5,Seguridad!$D$2:$D$21,"Sí") -> 0 | R5: =IFERROR(COUNTIFS(Seguridad!$B$2:$B$21,A5,Seguridad!$G$2:$G$21,"Sí")/COUNTIF(Seguridad!$B$2:$B$21,A5),1) -> 1 | S5: =COUNTIFS(Capacitaciones!$A$2:$A$26,A5,Capacitaciones!$D$2:$D$26,"Completado") -> 2 | T5: =S5/COUNTIF(Capacitaciones!$A$2:$A$26,A5) -> 0.4 | U5: =MIN(ROUND(MIN(H5/100,1.15)*40 + (1-MIN(J5*5,1))*25 + (1-M5)*20 + R5*15,0),100) -> 78
A6: =Empleados!A6 -> EMP-005 | B6: =Empleados!B6 -> Bruno Torres | C6: =Empleados!C6 -> Estibador / Carga | D6: =Empleados!D6 -> Mañana (06-14h) | E6: =COUNTIF(Productividad_Diaria!$B$2:$B$122,A6) -> 25 | F6: =SUMIF(Productividad_Diaria!$B$2:$B$122,A6,Productividad_Diaria!$F$2:$F$122) -> 16741 | G6: =SUMIF(Productividad_Diaria!$B$2:$B$122,A6,Productividad_Diaria!$G$2:$G$122) -> 1508 | H6: =IFERROR(AVERAGEIF(Productividad_Diaria!$B$2:$B$122,A6,Productividad_Diaria!$J$2:$J$122),0) -> 84.87348 | I6: =SUMIF(Productividad_Diaria!$B$2:$B$122,A6,Productividad_Diaria!$H$2:$H$122) -> 32 | J6: =IFERROR(I6/G6,0) -> 0.021220159 | K6: =SUMIF(Productividad_Diaria!$B$2:$B$122,A6,Productividad_Diaria!$I$2:$I$122) -> 16 | L6: =COUNTIFS(Asistencia_Diaria!$B$2:$B$126,A6,Asistencia_Diaria!$D$2:$D$126,"Ausente") -> 0 | M6: =L6/25 -> 0 | N6: =COUNTIFS(Asistencia_Diaria!$B$2:$B$126,A6,Asistencia_Diaria!$D$2:$D$126,"Tardanza") -> 5 | O6: =SUMIF(Asistencia_Diaria!$B$2:$B$126,A6,Asistencia_Diaria!$F$2:$F$126) -> 110 | P6: =SUMIF(Asistencia_Diaria!$B$2:$B$126,A6,Asistencia_Diaria!$G$2:$G$126) -> 12 | Q6: =COUNTIFS(Seguridad!$B$2:$B$21,A6,Seguridad!$D$2:$D$21,"Sí") -> 0 | R6: =IFERROR(COUNTIFS(Seguridad!$B$2:$B$21,A6,Seguridad!$G$2:$G$21,"Sí")/COUNTIF(Seguridad!$B$2:$B$21,A6),1) -> 1 | S6: =COUNTIFS(Capacitaciones!$A$2:$A$26,A6,Capacitaciones!$D$2:$D$26,"Completado") -> 3 | T6: =S6/COUNTIF(Capacitaciones!$A$2:$A$26,A6) -> 0.6 | U6: =MIN(ROUND(MIN(H6/100,1.15)*40 + (1-MIN(J6*5,1))*25 + (1-M6)*20 + R6*15,0),100) -> 91

Sheet Empleados
A1: ID_Empleado | B1: Nombre | C1: Puesto | D1: Turno | E1: Fecha_Ingreso | F1: Antigüedad (años)
A2: EMP-001 | B2: Martín Gómez | C2: Operario de Picking | D2: Mañana (06-14h) | E2: 2021-03-15 | F2: =DATEDIF(E2,TODAY(),"y") -> 5
A3: EMP-002 | B3: Lucía Fernández | C3: Operaria de Picking | D3: Mañana (06-14h) | E3: 2022-07-01 | F3: =DATEDIF(E3,TODAY(),"y") -> 4
A4: EMP-003 | B4: Diego Ramírez | C4: Estibador / Carga | D4: Tarde (14-22h) | E4: 2019-11-10 | F4: =DATEDIF(E4,TODAY(),"y") -> 6
A5: EMP-004 | B5: Sofía Álvarez | C5: Operaria de Picking | D5: Tarde (14-22h) | E5: 2023-02-20 | F5: =DATEDIF(E5,TODAY(),"y") -> 3
A6: EMP-005 | B6: Bruno Torres | C6: Estibador / Carga | D6: Mañana (06-14h) | E6: 2020-05-05 | F6: =DATEDIF(E6,TODAY(),"y") -> 6

Sheet Productividad_Diaria
A1: Fecha | B1: ID_Empleado | C1: Nombre | D1: Turno | E1: Horas_Trabajadas | F1: Bultos_Preparados | G1: Pedidos_Preparados | H1: Errores_Picking | I1: Unidades_Merma | J1: Bultos_por_Hora
A2: 46174 | B2: EMP-001 | C2: Martín Gómez | D2: Mañana (06-14h) | E2: 8 | F2: 918 | G2: 96 | H2: 1 | I2: 0 | J2: =F2/E2 -> 114.75
A3: 46175 | B3: EMP-001 | C3: Martín Gómez | D3: Mañana (06-14h) | E3: 8 | F3: 828 | G3: 60 | H3: 1 | I3: 0 | J3: =F3/E3 -> 103.5
A4: 46176 | B4: EMP-001 | C4: Martín Gómez | D4: Mañana (06-14h) | E4: 8 | F4: 875 | G4: 98 | H4: 1 | I4: 0 | J4: =F4/E4 -> 109.375
A5: 46177 | B5: EMP-001 | C5: Martín Gómez | D5: Mañana (06-14h) | E5: 8 | F5: 853 | G5: 76 | H5: 1 | I5: 4 | J5: =F5/E5 -> 106.625
A6: 46178 | B6: EMP-001 | C6: Martín Gómez | D6: Mañana (06-14h) | E6: 8 | F6: 841 | G6: 64 | H6: 0 | I6: 0 | J6: =F6/E6 -> 105.125
A7: 46179 | B7: EMP-001 | C7: Martín Gómez | D7: Mañana (06-14h) | E7: 8 | F7: 773 | G7: 85 | H7: 1 | I7: 0 | J7: =F7/E7 -> 96.625
A8: 46181 | B8: EMP-001 | C8: Martín Gómez | D8: Mañana (06-14h) | E8: 7.2 | F8: 718 | G8: 82 | H8: 1 | I8: 4 | J8: =F8/E8 -> 99.722222
A9: 46182 | B9: EMP-001 | C9: Martín Gómez | D9: Mañana (06-14h) | E9: 7.2 | F9: 773 | G9: 74 | H9: 1 | I9: 0 | J9: =F9/E9 -> 107.36111
A10: 46183 | B10: EMP-001 | C10: Martín Gómez | D10: Mañana (06-14h) | E10: 8 | F10: 910 | G10: 99 | H10: 1 | I10: 2 | J10: =F10/E10 -> 113.75
A11: 46184 | B11: EMP-001 | C11: Martín Gómez | D11: Mañana (06-14h) | E11: 8 | F11: 867 | G11: 88 | H11: 1 | I11: 0 | J11: =F11/E11 -> 108.375
A12: 46185 | B12: EMP-001 | C12: Martín Gómez | D12: Mañana (06-14h) | E12: 8 | F12: 772 | G12: 72 | H12: 1 | I12: 0 | J12: =F12/E12 -> 96.5
A13: 46186 | B13: EMP-001 | C13: Martín Gómez | D13: Mañana (06-14h) | E13: 8 | F13: 772 | G13: 83 | H13: 1 | I13: 0 | J13: =F13/E13 -> 96.5
... A122: 46203 | B122: EMP-005 | C122: Bruno Torres | D122: Mañana (06-14h) | E122: 8 | F122: 629 | G122: 55 | H122: 1 | I122: 0 | J122: =F122/E122 -> 78.625

Sheet Asistencia_Diaria
A1: Fecha | B1: ID_Empleado | C1: Nombre | D1: Estado | E1: Horas_Trabajadas | F1: Minutos_Tardanza | G1: Horas_Extra
A2: 46174 | B2: EMP-001 | C2: Martín Gómez | D2: Presente | E2: 8 | F2: 0 | G2: 0
A3: 46175 | B3: EMP-001 | C3: Martín Gómez | D3: Presente | E3: 8 | F3: 0 | G3: 0
A4: 46176 | B4: EMP-001 | C4: Martín Gómez | D4: Presente | E4: 8 | F4: 0 | G4: 1.5
A5: 46177 | B5: EMP-001 | C5: Martín Gómez | D5: Presente | E5: 8 | F5: 0 | G5: 1.5
A6: 46178 | B6: EMP-001 | C6: Martín Gómez | D6: Presente | E6: 8 | F6: 0 | G6: 0
A7: 46179 | B7: EMP-001 | C7: Martín Gómez | D7: Presente | E7: 8 | F7: 0 | G7: 0
A8: 46181 | B8: EMP-001 | C8: Martín Gómez | D8: Tardanza | E8: 7.2 | F8: 30 | G8: 1.5
A9: 46182 | B9: EMP-001 | C9: Martín Gómez | D9: Tardanza | E9: 7.2 | F9: 45 | G9: 1.5
A10: 46183 | B10: EMP-001 | C10: Martín Gómez | D10: Presente | E10: 8 | F10: 0 | G10: 0
A11: 46184 | B11: EMP-001 | C11: Martín Gómez | D11: Presente | E11: 8 | F11: 0 | G11: 2
A12: 46185 | B12: EMP-001 | C12: Martín Gómez | D12: Presente | E12: 8 | F12: 0 | G12: 2
A13: 46186 | B13: EMP-001 | C13: Martín Gómez | D13: Presente | E13: 8 | F13: 0 | G13: 1.5
... A126: 46203 | B126: EMP-005 | C126: Bruno Torres | D126: Presente | E126: 8 | F126: 0 | G126: 0

Sheet Seguridad
A1: Fecha | B1: ID_Empleado | C1: Nombre | D1: Es_Incidente | E1: Tipo/Descripción | F1: Gravedad | G1: Uso_Correcto_EPP
A2: 46174 | B2: EMP-001 | C2: Martín Gómez | D2: No | E2: Auditoría EPP (rutina) | F2: - | G2: Sí
A3: 46174 | B3: EMP-004 | C3: Sofía Álvarez | D3: No | E3: Auditoría EPP (rutina) | F3: - | G3: Sí
A4: 46175 | B4: EMP-001 | C4: Martín Gómez | D4: No | E4: Auditoría EPP (rutina) | F4: - | G4: Sí
A5: 46176 | B5: EMP-005 | C5: Bruno Torres | D5: No | E5: Auditoría EPP (rutina) | F5: - | G5: Sí
A6: 46182 | B6: EMP-002 | C6: Lucía Fernández | D6: No | E6: Auditoría EPP (rutina) | F6: - | G6: Sí
A7: 46182 | B7: EMP-003 | C7: Diego Ramírez | D7: No | E7: Auditoría EPP (rutina) | F7: - | G7: Sí
A8: 46183 | B8: EMP-004 | C8: Sofía Álvarez | D8: No | E8: Auditoría EPP (rutina) | F8: - | G8: Sí
A9: 46184 | B9: EMP-001 | C9: Martín Gómez | D9: No | E9: Auditoría EPP (rutina) | F9: - | G9: Sí
A10: 46186 | B10: EMP-005 | C10: Bruno Torres | D10: No | E10: Auditoría EPP (rutina) | F10: - | G10: Sí
A11: 46188 | B11: EMP-003 | C11: Diego Ramírez | D11: No | E11: Auditoría EPP (rutina) | F11: - | G11: Sí
A12: 46189 | B12: EMP-002 | C12: Lucía Fernández | D12: No | E12: Auditoría EPP (rutina) | F12: - | G12: Sí
A13: 46190 | B13: EMP-004 | C13: Sofía Álvarez | D13: No | E13: Auditoría EPP (rutina) | F13: - | G13: Sí
... A21: 46200 | B21: EMP-001 | C21: Martín Gómez | D21: No | E21: Auditoría EPP (rutina) | F21: - | G21: Sí

Sheet Capacitaciones
A1: ID_Empleado | B1: Nombre | C1: Curso | D1: Estado | E1: Fecha_Completado | F1: Horas_Curso
A2: EMP-001 | B2: Martín Gómez | C2: Manejo seguro de cargas | D2: Completado | E2: 46043 | F2: 8
A3: EMP-001 | B3: Martín Gómez | C3: Uso de autoelevador | D3: Completado | E3: 45872 | F3: 6
A4: EMP-001 | B4: Martín Gómez | C4: Primeros auxilios | D4: Completado | E4: 45870 | F4: 6
A5: EMP-001 | B5: Martín Gómez | C5: Procedimientos de picking WMS | D5: Completado | E5: 45806 | F5: 6
A6: EMP-001 | B6: Martín Gómez | C6: Uso correcto de EPP | D6: Completado | E6: 46153 | F6: 8
A7: EMP-002 | B7: Lucía Fernández | C7: Manejo seguro de cargas | D7: Completado | E7: 45813 | F7: 2
A8: EMP-002 | B8: Lucía Fernández | C8: Uso de autoelevador | D8: Programado | F8: 6
A9: EMP-002 | B9: Lucía Fernández | C9: Primeros auxilios | D9: Completado | E9: 46047 | F9: 6
A10: EMP-002 | B10: Lucía Fernández | C10: Procedimientos de picking WMS | D10: Pendiente | F10: 4
A11: EMP-002 | B11: Lucía Fernández | C11: Uso correcto de EPP | D11: Completado | E11: 45847 | F11: 6
A12: EMP-003 | B12: Diego Ramírez | C12: Manejo seguro de cargas | D12: Completado | E12: 45939 | F12: 2
A13: EMP-003 | B13: Diego Ramírez | C13: Uso de autoelevador | D13: Completado | E13: 45868 | F13: 6
A14: EMP-003 | B14: Diego Ramírez | C14: Primeros auxilios | D14: Completado | E14: 45790 | F14: 4
A15: EMP-003 | B15: Diego Ramírez | C15: Procedimientos de picking WMS | D15: Completado | E15: 46118 | F15: 6
A16: EMP-003 | B16: Diego Ramírez | C16: Uso correcto de EPP | D16: Completado | E16: 45997 | F16: 8
A17: EMP-004 | B17: Sofía Álvarez | C17: Manejo seguro de cargas | D17: Pendiente | F17: 6
A18: EMP-004 | B18: Sofía Álvarez | C18: Uso de autoelevador | D18: Completado | E18: 45893 | F18: 6
A19: EMP-004 | B19: Sofía Álvarez | C19: Primeros auxilios | D19: Pendiente | F19: 6
A20: EMP-004 | B20: Sofía Álvarez | C20: Procedimientos de picking WMS | D20: Programado | F20: 6
A21: EMP-004 | B21: Sofía Álvarez | C21: Uso correcto de EPP | D21: Completado | E21: 45782 | F21: 6
A22: EMP-005 | B22: Bruno Torres | C22: Manejo seguro de cargas | D22: Completado | E22: 46092 | F22: 4
A23: EMP-005 | B23: Bruno Torres | C23: Uso de autoelevador | D23: Programado | F23: 6
A24: EMP-005 | B24: Bruno Torres | C24: Primeros auxilios | D24: Pendiente | F24: 8
A25: EMP-005 | B25: Bruno Torres | C25: Procedimientos de picking WMS | D25: Completado | E25: 46157 | F25: 6
A26: EMP-005 | B26: Bruno Torres | C26: Uso correcto de EPP | D26: Completado | E26: 45890 | F26: 2
